,name,prices,offers,reviews
0,Gritstones - Yellow Cotton Blend Regular Fit Men's T-Shirt ( Pack of 1 ),Rs.  489,69% Off,(15)
1,Rigo - Dark Grey Cotton Slim Fit Men's T-Shirt ( Pack of 1 ),Rs.  329,70% Off,(139)
2,UrbanMark Men Regular Fit Round Neck Half Sleeves Graphic Print T Shirt-Green,Rs.  269,62% Off,(106)
3,YHA - Dark Green Cotton Blend Regular Fit Men's Polo T Shirt ( Pack of 1 ),Rs.  359,71% Off,(35)
4,Difference of Opinion - Green Cotton Oversized Fit Men's T-Shirt ( Pack of 1 ),Rs.  379,53% Off,(75)
5,Bewakoof - Black Cotton Regular Fit Men's T-Shirt ( Pack of 1 ),Rs.  339,74% Off,(47)
6,Bewakoof - White Cotton Regular Fit Men's T-Shirt ( Pack of 1 ),Rs.  339,69% Off,(54)
7,Dillinger - Coffee 100% Cotton Oversized Fit Men's T-Shirt ( Pack of 1 ),Rs.  349,56% Off,(52)
8,UrbanMark Men 100% Cotton Half Sleeves Regular Fit Solid Polo T Shirt-Sky Blue,Rs.  309,61% Off,(225)
9,UrbanMark Men 100% Cotton Regular Fit Round Neck Half Sleeves Striped T Shirt-White,Rs.  359,64% Off,(40)
10,Dillinger - Pink Cotton Blend Regular Fit Men's T-Shirt ( Pack of 1 ),Rs.  419,66% Off,(27)
11,AUSTIZ - Black Cotton Blend Regular Fit Men's T-Shirt ( Pack of 1 ),Rs.  299,70% Off,(13)
12,UrbanMark Men Half Sleeves Regular Fit Colorblock Polo Tshirt -Black,Rs.  549,61% Off,(15)
13,Dillinger - Purple 100% Cotton Oversized Fit Men's T-Shirt ( Pack of 1 ),Rs.  349,56% Off,(79)
14,Glito - White Cotton Blend Regular Fit Men's T-Shirt ( Pack of 1 ),Rs.  299,70% Off,(106)
15,GESPO - Sky Blue Cotton Blend Regular Fit Men's T-Shirt ( Pack of 1 ),Rs.  319,79% Off,(104)
16,AUSK - Black Cotton Blend Regular Fit Men's T-Shirt ( Pack of 1 ),Rs.  369,75% Off,(110)
17,UNIBERRY - Maroon Cotton Blend Regular Fit Men's T-Shirt ( Pack of 1 ),Rs.  209,79% Off,(88)
18,UrbanMark Men Regular Fit Round Neck Half Sleeves Graphic Print T Shirt-Black,Rs.  269,66% Off,(18)
19,OGEN - Blue Cotton Blend Regular Fit Men's T-Shirt ( Pack of 1 ),Rs.  259,78% Off,(75)
20,Gritstones - Yellow Cotton Blend Regular Fit Men's T-Shirt ( Pack of 1 ),Rs.  489,69% Off,(15)
21,Rigo - Dark Grey Cotton Slim Fit Men's T-Shirt ( Pack of 1 ),Rs.  329,70% Off,(139)
22,UrbanMark Men Regular Fit Round Neck Half Sleeves Graphic Print T Shirt-Green,Rs.  269,62% Off,(106)
23,YHA - Dark Green Cotton Blend Regular Fit Men's Polo T Shirt ( Pack of 1 ),Rs.  359,71% Off,(35)
24,Difference of Opinion - Green Cotton Oversized Fit Men's T-Shirt ( Pack of 1 ),Rs.  379,53% Off,(75)
25,Bewakoof - Black Cotton Regular Fit Men's T-Shirt ( Pack of 1 ),Rs.  339,74% Off,(47)
26,Bewakoof - White Cotton Regular Fit Men's T-Shirt ( Pack of 1 ),Rs.  339,69% Off,(54)
27,Dillinger - Coffee 100% Cotton Oversized Fit Men's T-Shirt ( Pack of 1 ),Rs.  349,56% Off,(52)
28,UrbanMark Men 100% Cotton Half Sleeves Regular Fit Solid Polo T Shirt-Sky Blue,Rs.  309,61% Off,(225)
29,UrbanMark Men 100% Cotton Regular Fit Round Neck Half Sleeves Striped T Shirt-White,Rs.  359,64% Off,(40)
30,Dillinger - Pink Cotton Blend Regular Fit Men's T-Shirt ( Pack of 1 ),Rs.  419,66% Off,(27)
31,AUSTIZ - Black Cotton Blend Regular Fit Men's T-Shirt ( Pack of 1 ),Rs.  299,70% Off,(13)
32,UrbanMark Men Half Sleeves Regular Fit Colorblock Polo Tshirt -Black,Rs.  549,61% Off,(15)
33,Dillinger - Purple 100% Cotton Oversized Fit Men's T-Shirt ( Pack of 1 ),Rs.  349,56% Off,(79)
34,Glito - White Cotton Blend Regular Fit Men's T-Shirt ( Pack of 1 ),Rs.  299,70% Off,(106)
35,GESPO - Sky Blue Cotton Blend Regular Fit Men's T-Shirt ( Pack of 1 ),Rs.  319,79% Off,(104)
36,AUSK - Black Cotton Blend Regular Fit Men's T-Shirt ( Pack of 1 ),Rs.  369,75% Off,(110)
37,UNIBERRY - Maroon Cotton Blend Regular Fit Men's T-Shirt ( Pack of 1 ),Rs.  209,79% Off,(88)
38,UrbanMark Men Regular Fit Round Neck Half Sleeves Graphic Print T Shirt-Black,Rs.  269,66% Off,(18)
39,OGEN - Blue Cotton Blend Regular Fit Men's T-Shirt ( Pack of 1 ),Rs.  259,78% Off,(75)
40,Gritstones - Yellow Cotton Blend Regular Fit Men's T-Shirt ( Pack of 1 ),Rs.  489,69% Off,(15)
41,Rigo - Dark Grey Cotton Slim Fit Men's T-Shirt ( Pack of 1 ),Rs.  329,70% Off,(139)
42,UrbanMark Men Regular Fit Round Neck Half Sleeves Graphic Print T Shirt-Green,Rs.  269,62% Off,(106)
43,YHA - Dark Green Cotton Blend Regular Fit Men's Polo T Shirt ( Pack of 1 ),Rs.  359,71% Off,(35)
44,Difference of Opinion - Green Cotton Oversized Fit Men's T-Shirt ( Pack of 1 ),Rs.  379,53% Off,(75)
45,Bewakoof - Black Cotton Regular Fit Men's T-Shirt ( Pack of 1 ),Rs.  339,74% Off,(47)
46,Bewakoof - White Cotton Regular Fit Men's T-Shirt ( Pack of 1 ),Rs.  339,69% Off,(54)
47,Dillinger - Coffee 100% Cotton Oversized Fit Men's T-Shirt ( Pack of 1 ),Rs.  349,56% Off,(52)
48,UrbanMark Men 100% Cotton Half Sleeves Regular Fit Solid Polo T Shirt-Sky Blue,Rs.  309,61% Off,(225)
49,UrbanMark Men 100% Cotton Regular Fit Round Neck Half Sleeves Striped T Shirt-White,Rs.  359,64% Off,(40)
50,Dillinger - Pink Cotton Blend Regular Fit Men's T-Shirt ( Pack of 1 ),Rs.  419,66% Off,(27)
51,AUSTIZ - Black Cotton Blend Regular Fit Men's T-Shirt ( Pack of 1 ),Rs.  299,70% Off,(13)
52,UrbanMark Men Half Sleeves Regular Fit Colorblock Polo Tshirt -Black,Rs.  549,61% Off,(15)
53,Dillinger - Purple 100% Cotton Oversized Fit Men's T-Shirt ( Pack of 1 ),Rs.  349,56% Off,(79)
54,Glito - White Cotton Blend Regular Fit Men's T-Shirt ( Pack of 1 ),Rs.  299,70% Off,(106)
55,GESPO - Sky Blue Cotton Blend Regular Fit Men's T-Shirt ( Pack of 1 ),Rs.  319,79% Off,(104)
56,AUSK - Black Cotton Blend Regular Fit Men's T-Shirt ( Pack of 1 ),Rs.  369,75% Off,(110)
57,UNIBERRY - Maroon Cotton Blend Regular Fit Men's T-Shirt ( Pack of 1 ),Rs.  209,79% Off,(88)
58,UrbanMark Men Regular Fit Round Neck Half Sleeves Graphic Print T Shirt-Black,Rs.  269,66% Off,(18)
59,OGEN - Blue Cotton Blend Regular Fit Men's T-Shirt ( Pack of 1 ),Rs.  259,78% Off,(75)
60,Gritstones - Yellow Cotton Blend Regular Fit Men's T-Shirt ( Pack of 1 ),Rs.  489,69% Off,(15)
61,Rigo - Dark Grey Cotton Slim Fit Men's T-Shirt ( Pack of 1 ),Rs.  329,70% Off,(139)
62,UrbanMark Men Regular Fit Round Neck Half Sleeves Graphic Print T Shirt-Green,Rs.  269,62% Off,(106)
63,YHA - Dark Green Cotton Blend Regular Fit Men's Polo T Shirt ( Pack of 1 ),Rs.  359,71% Off,(35)
64,Difference of Opinion - Green Cotton Oversized Fit Men's T-Shirt ( Pack of 1 ),Rs.  379,53% Off,(75)
65,Bewakoof - Black Cotton Regular Fit Men's T-Shirt ( Pack of 1 ),Rs.  339,74% Off,(47)
66,Bewakoof - White Cotton Regular Fit Men's T-Shirt ( Pack of 1 ),Rs.  339,69% Off,(54)
67,Dillinger - Coffee 100% Cotton Oversized Fit Men's T-Shirt ( Pack of 1 ),Rs.  349,56% Off,(52)
68,UrbanMark Men 100% Cotton Half Sleeves Regular Fit Solid Polo T Shirt-Sky Blue,Rs.  309,61% Off,(225)
69,UrbanMark Men 100% Cotton Regular Fit Round Neck Half Sleeves Striped T Shirt-White,Rs.  359,64% Off,(40)
70,Dillinger - Pink Cotton Blend Regular Fit Men's T-Shirt ( Pack of 1 ),Rs.  419,66% Off,(27)
71,AUSTIZ - Black Cotton Blend Regular Fit Men's T-Shirt ( Pack of 1 ),Rs.  299,70% Off,(13)
72,UrbanMark Men Half Sleeves Regular Fit Colorblock Polo Tshirt -Black,Rs.  549,61% Off,(15)
73,Dillinger - Purple 100% Cotton Oversized Fit Men's T-Shirt ( Pack of 1 ),Rs.  349,56% Off,(79)
74,Glito - White Cotton Blend Regular Fit Men's T-Shirt ( Pack of 1 ),Rs.  299,70% Off,(106)
75,GESPO - Sky Blue Cotton Blend Regular Fit Men's T-Shirt ( Pack of 1 ),Rs.  319,79% Off,(104)
76,AUSK - Black Cotton Blend Regular Fit Men's T-Shirt ( Pack of 1 ),Rs.  369,75% Off,(110)
77,UNIBERRY - Maroon Cotton Blend Regular Fit Men's T-Shirt ( Pack of 1 ),Rs.  209,79% Off,(88)
78,UrbanMark Men Regular Fit Round Neck Half Sleeves Graphic Print T Shirt-Black,Rs.  269,66% Off,(18)
79,OGEN - Blue Cotton Blend Regular Fit Men's T-Shirt ( Pack of 1 ),Rs.  259,78% Off,(75)
80,Gritstones - Yellow Cotton Blend Regular Fit Men's T-Shirt ( Pack of 1 ),Rs.  489,69% Off,(15)
81,Rigo - Dark Grey Cotton Slim Fit Men's T-Shirt ( Pack of 1 ),Rs.  329,70% Off,(139)
82,UrbanMark Men Regular Fit Round Neck Half Sleeves Graphic Print T Shirt-Green,Rs.  269,62% Off,(106)
83,YHA - Dark Green Cotton Blend Regular Fit Men's Polo T Shirt ( Pack of 1 ),Rs.  359,71% Off,(35)
84,Difference of Opinion - Green Cotton Oversized Fit Men's T-Shirt ( Pack of 1 ),Rs.  379,53% Off,(75)
85,Bewakoof - Black Cotton Regular Fit Men's T-Shirt ( Pack of 1 ),Rs.  339,74% Off,(47)
86,Bewakoof - White Cotton Regular Fit Men's T-Shirt ( Pack of 1 ),Rs.  339,69% Off,(54)
87,Dillinger - Coffee 100% Cotton Oversized Fit Men's T-Shirt ( Pack of 1 ),Rs.  349,56% Off,(52)
88,UrbanMark Men 100% Cotton Half Sleeves Regular Fit Solid Polo T Shirt-Sky Blue,Rs.  309,61% Off,(225)
89,UrbanMark Men 100% Cotton Regular Fit Round Neck Half Sleeves Striped T Shirt-White,Rs.  359,64% Off,(40)
90,Dillinger - Pink Cotton Blend Regular Fit Men's T-Shirt ( Pack of 1 ),Rs.  419,66% Off,(27)
91,AUSTIZ - Black Cotton Blend Regular Fit Men's T-Shirt ( Pack of 1 ),Rs.  299,70% Off,(13)
92,UrbanMark Men Half Sleeves Regular Fit Colorblock Polo Tshirt -Black,Rs.  549,61% Off,(15)
93,Dillinger - Purple 100% Cotton Oversized Fit Men's T-Shirt ( Pack of 1 ),Rs.  349,56% Off,(79)
94,Glito - White Cotton Blend Regular Fit Men's T-Shirt ( Pack of 1 ),Rs.  299,70% Off,(106)
95,GESPO - Sky Blue Cotton Blend Regular Fit Men's T-Shirt ( Pack of 1 ),Rs.  319,79% Off,(104)
96,AUSK - Black Cotton Blend Regular Fit Men's T-Shirt ( Pack of 1 ),Rs.  369,75% Off,(110)
97,UNIBERRY - Maroon Cotton Blend Regular Fit Men's T-Shirt ( Pack of 1 ),Rs.  209,79% Off,(88)
98,UrbanMark Men Regular Fit Round Neck Half Sleeves Graphic Print T Shirt-Black,Rs.  269,66% Off,(18)
99,OGEN - Blue Cotton Blend Regular Fit Men's T-Shirt ( Pack of 1 ),Rs.  259,78% Off,(75)
100,Gritstones - Yellow Cotton Blend Regular Fit Men's T-Shirt ( Pack of 1 ),Rs.  489,69% Off,(15)
101,Rigo - Dark Grey Cotton Slim Fit Men's T-Shirt ( Pack of 1 ),Rs.  329,70% Off,(139)
102,UrbanMark Men Regular Fit Round Neck Half Sleeves Graphic Print T Shirt-Green,Rs.  269,62% Off,(106)
103,YHA - Dark Green Cotton Blend Regular Fit Men's Polo T Shirt ( Pack of 1 ),Rs.  359,71% Off,(35)
104,Difference of Opinion - Green Cotton Oversized Fit Men's T-Shirt ( Pack of 1 ),Rs.  379,53% Off,(75)
105,Bewakoof - Black Cotton Regular Fit Men's T-Shirt ( Pack of 1 ),Rs.  339,74% Off,(47)
106,Bewakoof - White Cotton Regular Fit Men's T-Shirt ( Pack of 1 ),Rs.  339,69% Off,(54)
107,Dillinger - Coffee 100% Cotton Oversized Fit Men's T-Shirt ( Pack of 1 ),Rs.  349,56% Off,(52)
108,UrbanMark Men 100% Cotton Half Sleeves Regular Fit Solid Polo T Shirt-Sky Blue,Rs.  309,61% Off,(225)
109,UrbanMark Men 100% Cotton Regular Fit Round Neck Half Sleeves Striped T Shirt-White,Rs.  359,64% Off,(40)
110,Dillinger - Pink Cotton Blend Regular Fit Men's T-Shirt ( Pack of 1 ),Rs.  419,66% Off,(27)
111,AUSTIZ - Black Cotton Blend Regular Fit Men's T-Shirt ( Pack of 1 ),Rs.  299,70% Off,(13)
112,UrbanMark Men Half Sleeves Regular Fit Colorblock Polo Tshirt -Black,Rs.  549,61% Off,(15)
113,Dillinger - Purple 100% Cotton Oversized Fit Men's T-Shirt ( Pack of 1 ),Rs.  349,56% Off,(79)
114,Glito - White Cotton Blend Regular Fit Men's T-Shirt ( Pack of 1 ),Rs.  299,70% Off,(106)
115,GESPO - Sky Blue Cotton Blend Regular Fit Men's T-Shirt ( Pack of 1 ),Rs.  319,79% Off,(104)
116,AUSK - Black Cotton Blend Regular Fit Men's T-Shirt ( Pack of 1 ),Rs.  369,75% Off,(110)
117,UNIBERRY - Maroon Cotton Blend Regular Fit Men's T-Shirt ( Pack of 1 ),Rs.  209,79% Off,(88)
118,UrbanMark Men Regular Fit Round Neck Half Sleeves Graphic Print T Shirt-Black,Rs.  269,66% Off,(18)
119,OGEN - Blue Cotton Blend Regular Fit Men's T-Shirt ( Pack of 1 ),Rs.  259,78% Off,(75)
120,Gritstones - Yellow Cotton Blend Regular Fit Men's T-Shirt ( Pack of 1 ),Rs.  489,69% Off,(15)
121,Rigo - Dark Grey Cotton Slim Fit Men's T-Shirt ( Pack of 1 ),Rs.  329,70% Off,(139)
122,UrbanMark Men Regular Fit Round Neck Half Sleeves Graphic Print T Shirt-Green,Rs.  269,62% Off,(106)
123,YHA - Dark Green Cotton Blend Regular Fit Men's Polo T Shirt ( Pack of 1 ),Rs.  359,71% Off,(35)
124,Difference of Opinion - Green Cotton Oversized Fit Men's T-Shirt ( Pack of 1 ),Rs.  379,53% Off,(75)
125,Bewakoof - Black Cotton Regular Fit Men's T-Shirt ( Pack of 1 ),Rs.  339,74% Off,(47)
126,Bewakoof - White Cotton Regular Fit Men's T-Shirt ( Pack of 1 ),Rs.  339,69% Off,(54)
127,Dillinger - Coffee 100% Cotton Oversized Fit Men's T-Shirt ( Pack of 1 ),Rs.  349,56% Off,(52)
128,UrbanMark Men 100% Cotton Half Sleeves Regular Fit Solid Polo T Shirt-Sky Blue,Rs.  309,61% Off,(225)
129,UrbanMark Men 100% Cotton Regular Fit Round Neck Half Sleeves Striped T Shirt-White,Rs.  359,64% Off,(40)
130,Dillinger - Pink Cotton Blend Regular Fit Men's T-Shirt ( Pack of 1 ),Rs.  419,66% Off,(27)
131,AUSTIZ - Black Cotton Blend Regular Fit Men's T-Shirt ( Pack of 1 ),Rs.  299,70% Off,(13)
132,UrbanMark Men Half Sleeves Regular Fit Colorblock Polo Tshirt -Black,Rs.  549,61% Off,(15)
133,Dillinger - Purple 100% Cotton Oversized Fit Men's T-Shirt ( Pack of 1 ),Rs.  349,56% Off,(79)
134,Glito - White Cotton Blend Regular Fit Men's T-Shirt ( Pack of 1 ),Rs.  299,70% Off,(106)
135,GESPO - Sky Blue Cotton Blend Regular Fit Men's T-Shirt ( Pack of 1 ),Rs.  319,79% Off,(104)
136,AUSK - Black Cotton Blend Regular Fit Men's T-Shirt ( Pack of 1 ),Rs.  369,75% Off,(110)
137,UNIBERRY - Maroon Cotton Blend Regular Fit Men's T-Shirt ( Pack of 1 ),Rs.  209,79% Off,(88)
138,UrbanMark Men Regular Fit Round Neck Half Sleeves Graphic Print T Shirt-Black,Rs.  269,66% Off,(18)
139,OGEN - Blue Cotton Blend Regular Fit Men's T-Shirt ( Pack of 1 ),Rs.  259,78% Off,(75)
140,Gritstones - Yellow Cotton Blend Regular Fit Men's T-Shirt ( Pack of 1 ),Rs.  489,69% Off,(15)
141,Rigo - Dark Grey Cotton Slim Fit Men's T-Shirt ( Pack of 1 ),Rs.  329,70% Off,(139)
142,UrbanMark Men Regular Fit Round Neck Half Sleeves Graphic Print T Shirt-Green,Rs.  269,62% Off,(106)
143,YHA - Dark Green Cotton Blend Regular Fit Men's Polo T Shirt ( Pack of 1 ),Rs.  359,71% Off,(35)
144,Difference of Opinion - Green Cotton Oversized Fit Men's T-Shirt ( Pack of 1 ),Rs.  379,53% Off,(75)
145,Bewakoof - Black Cotton Regular Fit Men's T-Shirt ( Pack of 1 ),Rs.  339,74% Off,(47)
146,Bewakoof - White Cotton Regular Fit Men's T-Shirt ( Pack of 1 ),Rs.  339,69% Off,(54)
147,Dillinger - Coffee 100% Cotton Oversized Fit Men's T-Shirt ( Pack of 1 ),Rs.  349,56% Off,(52)
148,UrbanMark Men 100% Cotton Half Sleeves Regular Fit Solid Polo T Shirt-Sky Blue,Rs.  309,61% Off,(225)
149,UrbanMark Men 100% Cotton Regular Fit Round Neck Half Sleeves Striped T Shirt-White,Rs.  359,64% Off,(40)
150,Dillinger - Pink Cotton Blend Regular Fit Men's T-Shirt ( Pack of 1 ),Rs.  419,66% Off,(27)
151,AUSTIZ - Black Cotton Blend Regular Fit Men's T-Shirt ( Pack of 1 ),Rs.  299,70% Off,(13)
152,UrbanMark Men Half Sleeves Regular Fit Colorblock Polo Tshirt -Black,Rs.  549,61% Off,(15)
153,Dillinger - Purple 100% Cotton Oversized Fit Men's T-Shirt ( Pack of 1 ),Rs.  349,56% Off,(79)
154,Glito - White Cotton Blend Regular Fit Men's T-Shirt ( Pack of 1 ),Rs.  299,70% Off,(106)
155,GESPO - Sky Blue Cotton Blend Regular Fit Men's T-Shirt ( Pack of 1 ),Rs.  319,79% Off,(104)
156,AUSK - Black Cotton Blend Regular Fit Men's T-Shirt ( Pack of 1 ),Rs.  369,75% Off,(110)
157,UNIBERRY - Maroon Cotton Blend Regular Fit Men's T-Shirt ( Pack of 1 ),Rs.  209,79% Off,(88)
158,UrbanMark Men Regular Fit Round Neck Half Sleeves Graphic Print T Shirt-Black,Rs.  269,66% Off,(18)
159,OGEN - Blue Cotton Blend Regular Fit Men's T-Shirt ( Pack of 1 ),Rs.  259,78% Off,(75)
160,Gritstones - Yellow Cotton Blend Regular Fit Men's T-Shirt ( Pack of 1 ),Rs.  489,69% Off,(15)
161,Rigo - Dark Grey Cotton Slim Fit Men's T-Shirt ( Pack of 1 ),Rs.  329,70% Off,(139)
162,UrbanMark Men Regular Fit Round Neck Half Sleeves Graphic Print T Shirt-Green,Rs.  269,62% Off,(106)
163,YHA - Dark Green Cotton Blend Regular Fit Men's Polo T Shirt ( Pack of 1 ),Rs.  359,71% Off,(35)
164,Difference of Opinion - Green Cotton Oversized Fit Men's T-Shirt ( Pack of 1 ),Rs.  379,53% Off,(75)
165,Bewakoof - Black Cotton Regular Fit Men's T-Shirt ( Pack of 1 ),Rs.  339,74% Off,(47)
166,Bewakoof - White Cotton Regular Fit Men's T-Shirt ( Pack of 1 ),Rs.  339,69% Off,(54)
167,Dillinger - Coffee 100% Cotton Oversized Fit Men's T-Shirt ( Pack of 1 ),Rs.  349,56% Off,(52)
168,UrbanMark Men 100% Cotton Half Sleeves Regular Fit Solid Polo T Shirt-Sky Blue,Rs.  309,61% Off,(225)
169,UrbanMark Men 100% Cotton Regular Fit Round Neck Half Sleeves Striped T Shirt-White,Rs.  359,64% Off,(40)
170,Dillinger - Pink Cotton Blend Regular Fit Men's T-Shirt ( Pack of 1 ),Rs.  419,66% Off,(27)
171,AUSTIZ - Black Cotton Blend Regular Fit Men's T-Shirt ( Pack of 1 ),Rs.  299,70% Off,(13)
172,UrbanMark Men Half Sleeves Regular Fit Colorblock Polo Tshirt -Black,Rs.  549,61% Off,(15)
173,Dillinger - Purple 100% Cotton Oversized Fit Men's T-Shirt ( Pack of 1 ),Rs.  349,56% Off,(79)
174,Glito - White Cotton Blend Regular Fit Men's T-Shirt ( Pack of 1 ),Rs.  299,70% Off,(106)
175,GESPO - Sky Blue Cotton Blend Regular Fit Men's T-Shirt ( Pack of 1 ),Rs.  319,79% Off,(104)
176,AUSK - Black Cotton Blend Regular Fit Men's T-Shirt ( Pack of 1 ),Rs.  369,75% Off,(110)
177,UNIBERRY - Maroon Cotton Blend Regular Fit Men's T-Shirt ( Pack of 1 ),Rs.  209,79% Off,(88)
178,UrbanMark Men Regular Fit Round Neck Half Sleeves Graphic Print T Shirt-Black,Rs.  269,66% Off,(18)
179,OGEN - Blue Cotton Blend Regular Fit Men's T-Shirt ( Pack of 1 ),Rs.  259,78% Off,(75)
180,Gritstones - Yellow Cotton Blend Regular Fit Men's T-Shirt ( Pack of 1 ),Rs.  489,69% Off,(15)
181,Rigo - Dark Grey Cotton Slim Fit Men's T-Shirt ( Pack of 1 ),Rs.  329,70% Off,(139)
182,UrbanMark Men Regular Fit Round Neck Half Sleeves Graphic Print T Shirt-Green,Rs.  269,62% Off,(106)
183,YHA - Dark Green Cotton Blend Regular Fit Men's Polo T Shirt ( Pack of 1 ),Rs.  359,71% Off,(35)
184,Difference of Opinion - Green Cotton Oversized Fit Men's T-Shirt ( Pack of 1 ),Rs.  379,53% Off,(75)
185,Bewakoof - Black Cotton Regular Fit Men's T-Shirt ( Pack of 1 ),Rs.  339,74% Off,(47)
186,Bewakoof - White Cotton Regular Fit Men's T-Shirt ( Pack of 1 ),Rs.  339,69% Off,(54)
187,Dillinger - Coffee 100% Cotton Oversized Fit Men's T-Shirt ( Pack of 1 ),Rs.  349,56% Off,(52)
188,UrbanMark Men 100% Cotton Half Sleeves Regular Fit Solid Polo T Shirt-Sky Blue,Rs.  309,61% Off,(225)
189,UrbanMark Men 100% Cotton Regular Fit Round Neck Half Sleeves Striped T Shirt-White,Rs.  359,64% Off,(40)
190,Dillinger - Pink Cotton Blend Regular Fit Men's T-Shirt ( Pack of 1 ),Rs.  419,66% Off,(27)
191,AUSTIZ - Black Cotton Blend Regular Fit Men's T-Shirt ( Pack of 1 ),Rs.  299,70% Off,(13)
192,UrbanMark Men Half Sleeves Regular Fit Colorblock Polo Tshirt -Black,Rs.  549,61% Off,(15)
193,Dillinger - Purple 100% Cotton Oversized Fit Men's T-Shirt ( Pack of 1 ),Rs.  349,56% Off,(79)
194,Glito - White Cotton Blend Regular Fit Men's T-Shirt ( Pack of 1 ),Rs.  299,70% Off,(106)
195,GESPO - Sky Blue Cotton Blend Regular Fit Men's T-Shirt ( Pack of 1 ),Rs.  319,79% Off,(104)
196,AUSK - Black Cotton Blend Regular Fit Men's T-Shirt ( Pack of 1 ),Rs.  369,75% Off,(110)
197,UNIBERRY - Maroon Cotton Blend Regular Fit Men's T-Shirt ( Pack of 1 ),Rs.  209,79% Off,(88)
198,UrbanMark Men Regular Fit Round Neck Half Sleeves Graphic Print T Shirt-Black,Rs.  269,66% Off,(18)
199,OGEN - Blue Cotton Blend Regular Fit Men's T-Shirt ( Pack of 1 ),Rs.  259,78% Off,(75)
200,Gritstones - Yellow Cotton Blend Regular Fit Men's T-Shirt ( Pack of 1 ),Rs.  489,69% Off,(15)
201,Rigo - Dark Grey Cotton Slim Fit Men's T-Shirt ( Pack of 1 ),Rs.  329,70% Off,(139)
202,UrbanMark Men Regular Fit Round Neck Half Sleeves Graphic Print T Shirt-Green,Rs.  269,62% Off,(106)
203,YHA - Dark Green Cotton Blend Regular Fit Men's Polo T Shirt ( Pack of 1 ),Rs.  359,71% Off,(35)
204,Difference of Opinion - Green Cotton Oversized Fit Men's T-Shirt ( Pack of 1 ),Rs.  379,53% Off,(75)
205,Bewakoof - Black Cotton Regular Fit Men's T-Shirt ( Pack of 1 ),Rs.  339,74% Off,(47)
206,Bewakoof - White Cotton Regular Fit Men's T-Shirt ( Pack of 1 ),Rs.  339,69% Off,(54)
207,Dillinger - Coffee 100% Cotton Oversized Fit Men's T-Shirt ( Pack of 1 ),Rs.  349,56% Off,(52)
208,UrbanMark Men 100% Cotton Half Sleeves Regular Fit Solid Polo T Shirt-Sky Blue,Rs.  309,61% Off,(225)
209,UrbanMark Men 100% Cotton Regular Fit Round Neck Half Sleeves Striped T Shirt-White,Rs.  359,64% Off,(40)
210,Dillinger - Pink Cotton Blend Regular Fit Men's T-Shirt ( Pack of 1 ),Rs.  419,66% Off,(27)
211,AUSTIZ - Black Cotton Blend Regular Fit Men's T-Shirt ( Pack of 1 ),Rs.  299,70% Off,(13)
212,UrbanMark Men Half Sleeves Regular Fit Colorblock Polo Tshirt -Black,Rs.  549,61% Off,(15)
213,Dillinger - Purple 100% Cotton Oversized Fit Men's T-Shirt ( Pack of 1 ),Rs.  349,56% Off,(79)
214,Glito - White Cotton Blend Regular Fit Men's T-Shirt ( Pack of 1 ),Rs.  299,70% Off,(106)
215,GESPO - Sky Blue Cotton Blend Regular Fit Men's T-Shirt ( Pack of 1 ),Rs.  319,79% Off,(104)
216,AUSK - Black Cotton Blend Regular Fit Men's T-Shirt ( Pack of 1 ),Rs.  369,75% Off,(110)
217,UNIBERRY - Maroon Cotton Blend Regular Fit Men's T-Shirt ( Pack of 1 ),Rs.  209,79% Off,(88)
218,UrbanMark Men Regular Fit Round Neck Half Sleeves Graphic Print T Shirt-Black,Rs.  269,66% Off,(18)
219,OGEN - Blue Cotton Blend Regular Fit Men's T-Shirt ( Pack of 1 ),Rs.  259,78% Off,(75)
220,Gritstones - Yellow Cotton Blend Regular Fit Men's T-Shirt ( Pack of 1 ),Rs.  489,69% Off,(15)
221,Rigo - Dark Grey Cotton Slim Fit Men's T-Shirt ( Pack of 1 ),Rs.  329,70% Off,(139)
222,UrbanMark Men Regular Fit Round Neck Half Sleeves Graphic Print T Shirt-Green,Rs.  269,62% Off,(106)
223,YHA - Dark Green Cotton Blend Regular Fit Men's Polo T Shirt ( Pack of 1 ),Rs.  359,71% Off,(35)
224,Difference of Opinion - Green Cotton Oversized Fit Men's T-Shirt ( Pack of 1 ),Rs.  379,53% Off,(75)
225,Bewakoof - Black Cotton Regular Fit Men's T-Shirt ( Pack of 1 ),Rs.  339,74% Off,(47)
226,Bewakoof - White Cotton Regular Fit Men's T-Shirt ( Pack of 1 ),Rs.  339,69% Off,(54)
227,Dillinger - Coffee 100% Cotton Oversized Fit Men's T-Shirt ( Pack of 1 ),Rs.  349,56% Off,(52)
228,UrbanMark Men 100% Cotton Half Sleeves Regular Fit Solid Polo T Shirt-Sky Blue,Rs.  309,61% Off,(225)
229,UrbanMark Men 100% Cotton Regular Fit Round Neck Half Sleeves Striped T Shirt-White,Rs.  359,64% Off,(40)
230,Dillinger - Pink Cotton Blend Regular Fit Men's T-Shirt ( Pack of 1 ),Rs.  419,66% Off,(27)
231,AUSTIZ - Black Cotton Blend Regular Fit Men's T-Shirt ( Pack of 1 ),Rs.  299,70% Off,(13)
232,UrbanMark Men Half Sleeves Regular Fit Colorblock Polo Tshirt -Black,Rs.  549,61% Off,(15)
233,Dillinger - Purple 100% Cotton Oversized Fit Men's T-Shirt ( Pack of 1 ),Rs.  349,56% Off,(79)
234,Glito - White Cotton Blend Regular Fit Men's T-Shirt ( Pack of 1 ),Rs.  299,70% Off,(106)
235,GESPO - Sky Blue Cotton Blend Regular Fit Men's T-Shirt ( Pack of 1 ),Rs.  319,79% Off,(104)
236,AUSK - Black Cotton Blend Regular Fit Men's T-Shirt ( Pack of 1 ),Rs.  369,75% Off,(110)
237,UNIBERRY - Maroon Cotton Blend Regular Fit Men's T-Shirt ( Pack of 1 ),Rs.  209,79% Off,(88)
238,UrbanMark Men Regular Fit Round Neck Half Sleeves Graphic Print T Shirt-Black,Rs.  269,66% Off,(18)
239,OGEN - Blue Cotton Blend Regular Fit Men's T-Shirt ( Pack of 1 ),Rs.  259,78% Off,(75)
240,Gritstones - Yellow Cotton Blend Regular Fit Men's T-Shirt ( Pack of 1 ),Rs.  489,69% Off,(15)
241,Rigo - Dark Grey Cotton Slim Fit Men's T-Shirt ( Pack of 1 ),Rs.  329,70% Off,(139)
242,UrbanMark Men Regular Fit Round Neck Half Sleeves Graphic Print T Shirt-Green,Rs.  269,62% Off,(106)
243,YHA - Dark Green Cotton Blend Regular Fit Men's Polo T Shirt ( Pack of 1 ),Rs.  359,71% Off,(35)
244,Difference of Opinion - Green Cotton Oversized Fit Men's T-Shirt ( Pack of 1 ),Rs.  379,53% Off,(75)
245,Bewakoof - Black Cotton Regular Fit Men's T-Shirt ( Pack of 1 ),Rs.  339,74% Off,(47)
246,Bewakoof - White Cotton Regular Fit Men's T-Shirt ( Pack of 1 ),Rs.  339,69% Off,(54)
247,Dillinger - Coffee 100% Cotton Oversized Fit Men's T-Shirt ( Pack of 1 ),Rs.  349,56% Off,(52)
248,UrbanMark Men 100% Cotton Half Sleeves Regular Fit Solid Polo T Shirt-Sky Blue,Rs.  309,61% Off,(225)
249,UrbanMark Men 100% Cotton Regular Fit Round Neck Half Sleeves Striped T Shirt-White,Rs.  359,64% Off,(40)
250,Dillinger - Pink Cotton Blend Regular Fit Men's T-Shirt ( Pack of 1 ),Rs.  419,66% Off,(27)
251,AUSTIZ - Black Cotton Blend Regular Fit Men's T-Shirt ( Pack of 1 ),Rs.  299,70% Off,(13)
252,UrbanMark Men Half Sleeves Regular Fit Colorblock Polo Tshirt -Black,Rs.  549,61% Off,(15)
253,Dillinger - Purple 100% Cotton Oversized Fit Men's T-Shirt ( Pack of 1 ),Rs.  349,56% Off,(79)
254,Glito - White Cotton Blend Regular Fit Men's T-Shirt ( Pack of 1 ),Rs.  299,70% Off,(106)
255,GESPO - Sky Blue Cotton Blend Regular Fit Men's T-Shirt ( Pack of 1 ),Rs.  319,79% Off,(104)
256,AUSK - Black Cotton Blend Regular Fit Men's T-Shirt ( Pack of 1 ),Rs.  369,75% Off,(110)
257,UNIBERRY - Maroon Cotton Blend Regular Fit Men's T-Shirt ( Pack of 1 ),Rs.  209,79% Off,(88)
258,UrbanMark Men Regular Fit Round Neck Half Sleeves Graphic Print T Shirt-Black,Rs.  269,66% Off,(18)
259,OGEN - Blue Cotton Blend Regular Fit Men's T-Shirt ( Pack of 1 ),Rs.  259,78% Off,(75)
260,Gritstones - Yellow Cotton Blend Regular Fit Men's T-Shirt ( Pack of 1 ),Rs.  489,69% Off,(15)
261,Rigo - Dark Grey Cotton Slim Fit Men's T-Shirt ( Pack of 1 ),Rs.  329,70% Off,(139)
262,UrbanMark Men Regular Fit Round Neck Half Sleeves Graphic Print T Shirt-Green,Rs.  269,62% Off,(106)
263,YHA - Dark Green Cotton Blend Regular Fit Men's Polo T Shirt ( Pack of 1 ),Rs.  359,71% Off,(35)
264,Difference of Opinion - Green Cotton Oversized Fit Men's T-Shirt ( Pack of 1 ),Rs.  379,53% Off,(75)
265,Bewakoof - Black Cotton Regular Fit Men's T-Shirt ( Pack of 1 ),Rs.  339,74% Off,(47)
266,Bewakoof - White Cotton Regular Fit Men's T-Shirt ( Pack of 1 ),Rs.  339,69% Off,(54)
267,Dillinger - Coffee 100% Cotton Oversized Fit Men's T-Shirt ( Pack of 1 ),Rs.  349,56% Off,(52)
268,UrbanMark Men 100% Cotton Half Sleeves Regular Fit Solid Polo T Shirt-Sky Blue,Rs.  309,61% Off,(225)
269,UrbanMark Men 100% Cotton Regular Fit Round Neck Half Sleeves Striped T Shirt-White,Rs.  359,64% Off,(40)
270,Dillinger - Pink Cotton Blend Regular Fit Men's T-Shirt ( Pack of 1 ),Rs.  419,66% Off,(27)
271,AUSTIZ - Black Cotton Blend Regular Fit Men's T-Shirt ( Pack of 1 ),Rs.  299,70% Off,(13)
272,UrbanMark Men Half Sleeves Regular Fit Colorblock Polo Tshirt -Black,Rs.  549,61% Off,(15)
273,Dillinger - Purple 100% Cotton Oversized Fit Men's T-Shirt ( Pack of 1 ),Rs.  349,56% Off,(79)
274,Glito - White Cotton Blend Regular Fit Men's T-Shirt ( Pack of 1 ),Rs.  299,70% Off,(106)
275,GESPO - Sky Blue Cotton Blend Regular Fit Men's T-Shirt ( Pack of 1 ),Rs.  319,79% Off,(104)
276,AUSK - Black Cotton Blend Regular Fit Men's T-Shirt ( Pack of 1 ),Rs.  369,75% Off,(110)
277,UNIBERRY - Maroon Cotton Blend Regular Fit Men's T-Shirt ( Pack of 1 ),Rs.  209,79% Off,(88)
278,UrbanMark Men Regular Fit Round Neck Half Sleeves Graphic Print T Shirt-Black,Rs.  269,66% Off,(18)
279,OGEN - Blue Cotton Blend Regular Fit Men's T-Shirt ( Pack of 1 ),Rs.  259,78% Off,(75)
280,Gritstones - Yellow Cotton Blend Regular Fit Men's T-Shirt ( Pack of 1 ),Rs.  489,69% Off,(15)
281,Rigo - Dark Grey Cotton Slim Fit Men's T-Shirt ( Pack of 1 ),Rs.  329,70% Off,(139)
282,UrbanMark Men Regular Fit Round Neck Half Sleeves Graphic Print T Shirt-Green,Rs.  269,62% Off,(106)
283,YHA - Dark Green Cotton Blend Regular Fit Men's Polo T Shirt ( Pack of 1 ),Rs.  359,71% Off,(35)
284,Difference of Opinion - Green Cotton Oversized Fit Men's T-Shirt ( Pack of 1 ),Rs.  379,53% Off,(75)
285,Bewakoof - Black Cotton Regular Fit Men's T-Shirt ( Pack of 1 ),Rs.  339,74% Off,(47)
286,Bewakoof - White Cotton Regular Fit Men's T-Shirt ( Pack of 1 ),Rs.  339,69% Off,(54)
287,Dillinger - Coffee 100% Cotton Oversized Fit Men's T-Shirt ( Pack of 1 ),Rs.  349,56% Off,(52)
288,UrbanMark Men 100% Cotton Half Sleeves Regular Fit Solid Polo T Shirt-Sky Blue,Rs.  309,61% Off,(225)
289,UrbanMark Men 100% Cotton Regular Fit Round Neck Half Sleeves Striped T Shirt-White,Rs.  359,64% Off,(40)
290,Dillinger - Pink Cotton Blend Regular Fit Men's T-Shirt ( Pack of 1 ),Rs.  419,66% Off,(27)
291,AUSTIZ - Black Cotton Blend Regular Fit Men's T-Shirt ( Pack of 1 ),Rs.  299,70% Off,(13)
292,UrbanMark Men Half Sleeves Regular Fit Colorblock Polo Tshirt -Black,Rs.  549,61% Off,(15)
293,Dillinger - Purple 100% Cotton Oversized Fit Men's T-Shirt ( Pack of 1 ),Rs.  349,56% Off,(79)
294,Glito - White Cotton Blend Regular Fit Men's T-Shirt ( Pack of 1 ),Rs.  299,70% Off,(106)
295,GESPO - Sky Blue Cotton Blend Regular Fit Men's T-Shirt ( Pack of 1 ),Rs.  319,79% Off,(104)
296,AUSK - Black Cotton Blend Regular Fit Men's T-Shirt ( Pack of 1 ),Rs.  369,75% Off,(110)
297,UNIBERRY - Maroon Cotton Blend Regular Fit Men's T-Shirt ( Pack of 1 ),Rs.  209,79% Off,(88)
298,UrbanMark Men Regular Fit Round Neck Half Sleeves Graphic Print T Shirt-Black,Rs.  269,66% Off,(18)
299,OGEN - Blue Cotton Blend Regular Fit Men's T-Shirt ( Pack of 1 ),Rs.  259,78% Off,(75)
300,Gritstones - Yellow Cotton Blend Regular Fit Men's T-Shirt ( Pack of 1 ),Rs.  489,69% Off,(15)
301,Rigo - Dark Grey Cotton Slim Fit Men's T-Shirt ( Pack of 1 ),Rs.  329,70% Off,(139)
302,UrbanMark Men Regular Fit Round Neck Half Sleeves Graphic Print T Shirt-Green,Rs.  269,62% Off,(106)
303,YHA - Dark Green Cotton Blend Regular Fit Men's Polo T Shirt ( Pack of 1 ),Rs.  359,71% Off,(35)
304,Difference of Opinion - Green Cotton Oversized Fit Men's T-Shirt ( Pack of 1 ),Rs.  379,53% Off,(75)
305,Bewakoof - Black Cotton Regular Fit Men's T-Shirt ( Pack of 1 ),Rs.  339,74% Off,(47)
306,Bewakoof - White Cotton Regular Fit Men's T-Shirt ( Pack of 1 ),Rs.  339,69% Off,(54)
307,Dillinger - Coffee 100% Cotton Oversized Fit Men's T-Shirt ( Pack of 1 ),Rs.  349,56% Off,(52)
308,UrbanMark Men 100% Cotton Half Sleeves Regular Fit Solid Polo T Shirt-Sky Blue,Rs.  309,61% Off,(225)
309,UrbanMark Men 100% Cotton Regular Fit Round Neck Half Sleeves Striped T Shirt-White,Rs.  359,64% Off,(40)
310,Dillinger - Pink Cotton Blend Regular Fit Men's T-Shirt ( Pack of 1 ),Rs.  419,66% Off,(27)
311,AUSTIZ - Black Cotton Blend Regular Fit Men's T-Shirt ( Pack of 1 ),Rs.  299,70% Off,(13)
312,UrbanMark Men Half Sleeves Regular Fit Colorblock Polo Tshirt -Black,Rs.  549,61% Off,(15)
313,Dillinger - Purple 100% Cotton Oversized Fit Men's T-Shirt ( Pack of 1 ),Rs.  349,56% Off,(79)
314,Glito - White Cotton Blend Regular Fit Men's T-Shirt ( Pack of 1 ),Rs.  299,70% Off,(106)
315,GESPO - Sky Blue Cotton Blend Regular Fit Men's T-Shirt ( Pack of 1 ),Rs.  319,79% Off,(104)
316,AUSK - Black Cotton Blend Regular Fit Men's T-Shirt ( Pack of 1 ),Rs.  369,75% Off,(110)
317,UNIBERRY - Maroon Cotton Blend Regular Fit Men's T-Shirt ( Pack of 1 ),Rs.  209,79% Off,(88)
318,UrbanMark Men Regular Fit Round Neck Half Sleeves Graphic Print T Shirt-Black,Rs.  269,66% Off,(18)
319,OGEN - Blue Cotton Blend Regular Fit Men's T-Shirt ( Pack of 1 ),Rs.  259,78% Off,(75)
320,Gritstones - Yellow Cotton Blend Regular Fit Men's T-Shirt ( Pack of 1 ),Rs.  489,69% Off,(15)
321,Rigo - Dark Grey Cotton Slim Fit Men's T-Shirt ( Pack of 1 ),Rs.  329,70% Off,(139)
322,UrbanMark Men Regular Fit Round Neck Half Sleeves Graphic Print T Shirt-Green,Rs.  269,62% Off,(106)
323,YHA - Dark Green Cotton Blend Regular Fit Men's Polo T Shirt ( Pack of 1 ),Rs.  359,71% Off,(35)
324,Difference of Opinion - Green Cotton Oversized Fit Men's T-Shirt ( Pack of 1 ),Rs.  379,53% Off,(75)
325,Bewakoof - Black Cotton Regular Fit Men's T-Shirt ( Pack of 1 ),Rs.  339,74% Off,(47)
326,Bewakoof - White Cotton Regular Fit Men's T-Shirt ( Pack of 1 ),Rs.  339,69% Off,(54)
327,Dillinger - Coffee 100% Cotton Oversized Fit Men's T-Shirt ( Pack of 1 ),Rs.  349,56% Off,(52)
328,UrbanMark Men 100% Cotton Half Sleeves Regular Fit Solid Polo T Shirt-Sky Blue,Rs.  309,61% Off,(225)
329,UrbanMark Men 100% Cotton Regular Fit Round Neck Half Sleeves Striped T Shirt-White,Rs.  359,64% Off,(40)
330,Dillinger - Pink Cotton Blend Regular Fit Men's T-Shirt ( Pack of 1 ),Rs.  419,66% Off,(27)
331,AUSTIZ - Black Cotton Blend Regular Fit Men's T-Shirt ( Pack of 1 ),Rs.  299,70% Off,(13)
332,UrbanMark Men Half Sleeves Regular Fit Colorblock Polo Tshirt -Black,Rs.  549,61% Off,(15)
333,Dillinger - Purple 100% Cotton Oversized Fit Men's T-Shirt ( Pack of 1 ),Rs.  349,56% Off,(79)
334,Glito - White Cotton Blend Regular Fit Men's T-Shirt ( Pack of 1 ),Rs.  299,70% Off,(106)
335,GESPO - Sky Blue Cotton Blend Regular Fit Men's T-Shirt ( Pack of 1 ),Rs.  319,79% Off,(104)
336,AUSK - Black Cotton Blend Regular Fit Men's T-Shirt ( Pack of 1 ),Rs.  369,75% Off,(110)
337,UNIBERRY - Maroon Cotton Blend Regular Fit Men's T-Shirt ( Pack of 1 ),Rs.  209,79% Off,(88)
338,UrbanMark Men Regular Fit Round Neck Half Sleeves Graphic Print T Shirt-Black,Rs.  269,66% Off,(18)
339,OGEN - Blue Cotton Blend Regular Fit Men's T-Shirt ( Pack of 1 ),Rs.  259,78% Off,(75)
340,Gritstones - Yellow Cotton Blend Regular Fit Men's T-Shirt ( Pack of 1 ),Rs.  489,69% Off,(15)
341,Rigo - Dark Grey Cotton Slim Fit Men's T-Shirt ( Pack of 1 ),Rs.  329,70% Off,(139)
342,UrbanMark Men Regular Fit Round Neck Half Sleeves Graphic Print T Shirt-Green,Rs.  269,62% Off,(106)
343,YHA - Dark Green Cotton Blend Regular Fit Men's Polo T Shirt ( Pack of 1 ),Rs.  359,71% Off,(35)
344,Difference of Opinion - Green Cotton Oversized Fit Men's T-Shirt ( Pack of 1 ),Rs.  379,53% Off,(75)
345,Bewakoof - Black Cotton Regular Fit Men's T-Shirt ( Pack of 1 ),Rs.  339,74% Off,(47)
346,Bewakoof - White Cotton Regular Fit Men's T-Shirt ( Pack of 1 ),Rs.  339,69% Off,(54)
347,Dillinger - Coffee 100% Cotton Oversized Fit Men's T-Shirt ( Pack of 1 ),Rs.  349,56% Off,(52)
348,UrbanMark Men 100% Cotton Half Sleeves Regular Fit Solid Polo T Shirt-Sky Blue,Rs.  309,61% Off,(225)
349,UrbanMark Men 100% Cotton Regular Fit Round Neck Half Sleeves Striped T Shirt-White,Rs.  359,64% Off,(40)
350,Dillinger - Pink Cotton Blend Regular Fit Men's T-Shirt ( Pack of 1 ),Rs.  419,66% Off,(27)
351,AUSTIZ - Black Cotton Blend Regular Fit Men's T-Shirt ( Pack of 1 ),Rs.  299,70% Off,(13)
352,UrbanMark Men Half Sleeves Regular Fit Colorblock Polo Tshirt -Black,Rs.  549,61% Off,(15)
353,Dillinger - Purple 100% Cotton Oversized Fit Men's T-Shirt ( Pack of 1 ),Rs.  349,56% Off,(79)
354,Glito - White Cotton Blend Regular Fit Men's T-Shirt ( Pack of 1 ),Rs.  299,70% Off,(106)
355,GESPO - Sky Blue Cotton Blend Regular Fit Men's T-Shirt ( Pack of 1 ),Rs.  319,79% Off,(104)
356,AUSK - Black Cotton Blend Regular Fit Men's T-Shirt ( Pack of 1 ),Rs.  369,75% Off,(110)
357,UNIBERRY - Maroon Cotton Blend Regular Fit Men's T-Shirt ( Pack of 1 ),Rs.  209,79% Off,(88)
358,UrbanMark Men Regular Fit Round Neck Half Sleeves Graphic Print T Shirt-Black,Rs.  269,66% Off,(18)
359,OGEN - Blue Cotton Blend Regular Fit Men's T-Shirt ( Pack of 1 ),Rs.  259,78% Off,(75)
360,Gritstones - Yellow Cotton Blend Regular Fit Men's T-Shirt ( Pack of 1 ),Rs.  489,69% Off,(15)
361,Rigo - Dark Grey Cotton Slim Fit Men's T-Shirt ( Pack of 1 ),Rs.  329,70% Off,(139)
362,UrbanMark Men Regular Fit Round Neck Half Sleeves Graphic Print T Shirt-Green,Rs.  269,62% Off,(106)
363,YHA - Dark Green Cotton Blend Regular Fit Men's Polo T Shirt ( Pack of 1 ),Rs.  359,71% Off,(35)
364,Difference of Opinion - Green Cotton Oversized Fit Men's T-Shirt ( Pack of 1 ),Rs.  379,53% Off,(75)
365,Bewakoof - Black Cotton Regular Fit Men's T-Shirt ( Pack of 1 ),Rs.  339,74% Off,(47)
366,Bewakoof - White Cotton Regular Fit Men's T-Shirt ( Pack of 1 ),Rs.  339,69% Off,(54)
367,Dillinger - Coffee 100% Cotton Oversized Fit Men's T-Shirt ( Pack of 1 ),Rs.  349,56% Off,(52)
368,UrbanMark Men 100% Cotton Half Sleeves Regular Fit Solid Polo T Shirt-Sky Blue,Rs.  309,61% Off,(225)
369,UrbanMark Men 100% Cotton Regular Fit Round Neck Half Sleeves Striped T Shirt-White,Rs.  359,64% Off,(40)
370,Dillinger - Pink Cotton Blend Regular Fit Men's T-Shirt ( Pack of 1 ),Rs.  419,66% Off,(27)
371,AUSTIZ - Black Cotton Blend Regular Fit Men's T-Shirt ( Pack of 1 ),Rs.  299,70% Off,(13)
372,UrbanMark Men Half Sleeves Regular Fit Colorblock Polo Tshirt -Black,Rs.  549,61% Off,(15)
373,Dillinger - Purple 100% Cotton Oversized Fit Men's T-Shirt ( Pack of 1 ),Rs.  349,56% Off,(79)
374,Glito - White Cotton Blend Regular Fit Men's T-Shirt ( Pack of 1 ),Rs.  299,70% Off,(106)
375,GESPO - Sky Blue Cotton Blend Regular Fit Men's T-Shirt ( Pack of 1 ),Rs.  319,79% Off,(104)
376,AUSK - Black Cotton Blend Regular Fit Men's T-Shirt ( Pack of 1 ),Rs.  369,75% Off,(110)
377,UNIBERRY - Maroon Cotton Blend Regular Fit Men's T-Shirt ( Pack of 1 ),Rs.  209,79% Off,(88)
378,UrbanMark Men Regular Fit Round Neck Half Sleeves Graphic Print T Shirt-Black,Rs.  269,66% Off,(18)
379,OGEN - Blue Cotton Blend Regular Fit Men's T-Shirt ( Pack of 1 ),Rs.  259,78% Off,(75)
